,title,link,content
0,https://www.mosaiquefm.net/ar/%D8%AA%D9%88%D9%86%D8%B3-%D8%A3%D8%AE%D8%A8%D8%A7%D8%B1-%D9%88%D8%B7%D9%86%D9%8A%D8%A9/707839/%D9%83%D9%88%D8%B1%D9%88%D9%86%D8%A7-%D9%81%D9%8A-%D8%AA%D9%88%D9%86%D8%B3-%D9%85%D8%AA%D8%A7%D8%A8%D8%B9%D8%A9-%D8%AD%D9%8A%D9%86%D9%8A%D8%A9,كورونا في تونس.. متابعة حينية ,"ما يزال فيروس كورونا المستجد يسجّل مزيداً من الإصابات في تونس، ففي حصيلة جديدة، بلغ عدد الإصابات إلى حدود ما أعلنته وزارة الصحة يوم الجمعة  866 إصابة مؤكّدة، وتسجيل 37 حالة وفاة. وفي ما يلي المراحل الرئيسية لتفشي فيروس كورونا المستجد في تونس: السبت 18 أفريل 2020: أعلنت وزارة الصحة إجراء 692 تحليلا مخبريا (المخبر المرجعي بمستشفى شارل نيكول: 136 تحليلا، مخبر معهد باستور تونس: 295 تحليلا، مخبر مستشفى فطومة بورقيبة بالمنستير: 52 تحليلا، مخبر مستشفى فرحات حشاد بسوسة: 46 تحليلا، مخبر مستشفى الحبيب بورقيبة بصفاقس: 29 تحليلا، المخبر المتنقل لوزارة الدفاع: 134 تحليلا).   ولقد تم تسجيل 30 تحليلا إيجابيا، 28 منها حالات إصابة سابقة لا تزال حاملة للفيروس و02 حالات إصابة جديدة ليصبح العدد الجملي للمصابين بهذا الفيروس، وذلك بعد التثبت من المعطيات وتحيينها، 866 حالة مؤكدة من بين 15332 تحليلا جمليا الجمعة 17 أفريل 202 أعلنت وزارة الصحة، أنّه تم إجراء 710 تحليلا مخبريا (المخبر المرجعي بمستشفى شارل نيكول: 179 تحليلا، مخبر معهد باستور تونس: 273 تحليلا، مخبر مستشفى فطومة بورقيبة بالمنستير: 48 تحليلا، مخبر مستشفى فرحات حشاد بسوسة: 54 تحليلا، مخبر مستشفى الحبيب بورقيبة بصفاقس: 38 تحليلا، المخبر المتنقل لوزارة الدفاع: 118 تحليلا). ولقد تم تسجيل 71 تحليلا إيجابيا، 29 منها حالات إصابة سابقة لا تزال حاملة للفيروس و42 حالة إصابة جديدة ليصبح العدد الجملي للمصابين بهذا الفيروس، وذلك بعد التثبت من المعطيات وتحيينها، 864 حالة مؤكدة من بين 14640 تحليلا جمليا. الخميس 16 أفريل 2020: أعلنت وزارة الصحة أنه بتاريخ 15 أفريل 2020، تم إجراء 793 تحليلا مخبريا (المخبر المرجعي بمستشفى شارل نيكول: 186 تحليلا، مخبر معهد باستور تونس: 374 تحليلا، مخبر مستشفى فطومة بورقيبة بالمنستير: 46 تحليلا، مخبر مستشفى فرحات حشاد بسوسة: 51 تحليلا، مخبر مستشفى الحبيب بورقيبة بصفاقس: 32 تحليلا، المخبر المتنقل لوزارة الدفاع: 104 تحليلا).  ولقد تم تسجيل 72 تحليلا إيجابيا، 30 منها حالات إصابة سابقة لا تزال حاملة للفيروس و42 حالة إصابة جديدة ليصبح العدد الجملي للمصابين بهذا الفيروس، وذلك بعد التثبت من المعطيات وتحيينها 822 حالة مؤكدة من بين 13930 تحليلا جمليا.   الثلاثاء 14 أفريل 2020: أعلنت وزارة الصحة أنه بتاريخ 13 أفريل 2020، تم إجراء 590 تحليلا مخبريا، وقد تم تسجيل 27 تحليلا إيجابيا، 6 منها حالات إصابة سابقة ما تزال حاملة للفيروس و21 حالة إصابة جديدة ليصبح العدد الجملي للمصابين بهذا الفيروس، وذلك بعد التثبت من المعطيات وتحيينها، 747 حالة مؤكدة من بين 12415 تحليل جملي.   الاثنين 13 فريل 2020:    أعلنت وزارة الصحة أنه بتاريخ 12 أفريل 2020، تم إجراء 587 تحليلا مخبريا، وتم تسجيل 33 تحليلا إيجابيا، 14 منها حالات إصابة سابقة لا تزال حاملة للفيروس و19 حالة إصابة جديدة ليصبح العدد الجملي للمصابين بهذا الفيروس 726 حالة مؤكدة من بين 11825 تحليل جملي.    الأحد 12 أفريل 2020: أعلمت وزارة الصحة أنه بتاريخ 10 أفريل 2020، تم إجراء 562 تحليلا مخبريا، ولقد تم تسجيل 36 تحليلا إيجابيا، 14 منها حالات إصابة سابقة ما تزال حاملة للفيروس و22 حالة إصابة جديدة ليصبح العدد الجملي للمصابين بهذا الفيروس، وذلك بعد التثبت من المعطيات وتحيينها، 707 حالة مؤكدة من بين 11238 تحليلا جمليا. السبت 11 أفريل 2020 :  أعلنت وزارة الصحة، اليوم السبت 11 أفريل 2020، أنه بتاريخ يوم أمس الجمعة، تم إجراء 589 تحليلًا مخبريا، حيث تم تسجيل 23 تحليلا إيجابيا، 9 منها حالات إصابة سابقة لا تزال حاملة للفيروس و14 حالة إصابة جديدة ليصبح العدد الجملي للمصابين بهذا الفيروس، وذلك بعد التثبت من المعطيات وتحيينها، 685 حالة مؤكدة من بين 10676 تحليلا جمليا. الجمعة 10 أفريل 2020:  أعلنت وزارة الصحة أنه بتاريخ 09 أفريل 2020، تم إجراء 571 تحليلا مخبريا (المخبر المرجعي بمستشفى شارل نيكول: 182 تحليلا، مخبر معهد باستور تونس: 294 تحليلا، مخبر مستشفى فطومة بورقيبة بالمنستير: 45 تحليلا، مخبر مستشفى فرحات حشاد بسوسة: 31 تحليلا، مخبر مستشفى الحبيب بورقيبة بصفاقس: 19 تحليلا)، ولقد تم تسجيل 37 تحليلا إيجابيا، 9 منها حالات إصابة سابقة لا تزال حاملة للفيروس و28 حالة إصابة جديدة ليصبح العدد الجملي للمصابين بهذا الفيروس. الخميس 09 آفريل 2020:    أعلنت وزارة الصحة، اليوم الخميس 09 أفريل 2020،  تم بتاريخ يوم أمس إجراء 692 تحليلا مخبريا (المخبر المرجعي بمستشفى شارل نيكول: 230 تحليلا، مخبر معهد باستور تونس: 316 تحليلا، مخبر مستشفى فطومة بورقيبة بالمنستير: 32 تحليلا، مخبر مستشفى فرحات حشاد بسوسة: 78 تحليلا، مخبر مستشفى الحبيب بورقيبة بصفاقس: 36 تحليلا). وأوضحت الوزارة أنه تم تسجيل 33 تحليلًا إيجابيا، 18 منها حالات إصابة سابقة لا تزال حاملة للفيروس و15 حالة إصابة جديدة ليصبح العدد الجملي للمصابين بهذا الفيروس، وذلك بعد التثبت من المعطيات وتحيينها، 643 حالة مؤكدة من بين 9570 تحليلا جمليا. الأربعاء 8 أفريل 2020: أعلنت وزارة الصحة تسجيل 32 تحليلا إيجابيا، 27 منها حالات إصابة سابقة ما تزال حاملة للفيروس و5 حالات إصابة جديدة ليصبح العدد الجملي للمصابين بهذا الفيروس، وذلك بعد التثبت من المعطيات وتحيينها، 628 حالة مؤكدة من بين 8878 تحليلا جمليا.   الثلاثاء 07 أفريل 2020: أعلنت وزارة الصحة تسجيل 27 حالة إصابة جديدة من مجموع 549 تحليلا مخبريا  ليصبح العدد الجملي للمصابين بهذا الفيروس، وذلك بعد التثبت من المعطيات وتحيينها، 623 حالة مؤكدة من بين 8274 تحليلا جمليا.   الإثنين 06 أفريل 2020: أعلنت وزارة الصحة في بلاغ أنه بتاريخ 5 أفريل 2020، تم تسجيل 22 حالة إصابة جديدة من مجموع 580 تحليلا مخبريا (المخبر المرجعي بمستشفى شارل نيكول: 139 تحليلا، مخبر معهد باستور تونس: 349 تحليلا، مخبر مستشفى فطومة بورقيبة بالمنستير: 70 تحليلا، مخبر مستشفى الحبيب بورقيبة بصفاقس: 22 تحليلا).     الأحد 05 آفريل 2020: أعلنت وزارة الصحة، اليوم الأحد أنه بتاريخ 04 أفريل 2020، تم تسجيل 21 حالة إصابة جديدة من مجموع 658 تحليلا مخبريا، ليصبح العدد الجملي للمصابين بهذا الفيروس، وذلك بعد التثبت من المعطيات وتحيينها، 574 حالة مؤكدة من بين 7145 تحليلا جمليا، تتوزع على 22 ولاية. السبت 4 أفريل 2020: أعلمت وزارة الصحة أنه بتاريخ 03 أفريل 2020، تم تسجيل 58 حالة إصابة جديدة من مجموع 749 تحليلا مخبريا (المخبر المرجعي بمستشفى شارل نيكول: 209 تحليلا، مخبر معهد باستور تونس: 403 تحليلا، مخبر مستشفى فطومة بورقيبة بالمنستير: 72 تحليلا، مخبر مستشفى فرحات حشاد بسوسة: 65 تحليلا) ليصبح العدد الجملي للمصابين بهذا الفيروس، وذلك بعد التثبت من المعطيات وتحيينها، 553 حالة مؤكدة من بين 6485 تحليلا جمليا، تتوزع على 22 ولاية. الجمعة 3 أفريل 2020: أعلنت وزارة الصحة أنه بتاريخ 2 أفريل 2020، تم تسجيل 40 حالة إصابة جديدة من مجموع 606 تحليلا مخبريا (المخبر المرجعي بمستشفى شارل نيكول: 307 تحليلا، مخبر معهد باستور تونس: 235 تحليلا، مخبر مستشفى فطومة بورقيبة بالمنستير: 24 تحليلا، مخبر مستشفى فرحات حشاد بسوسة: 40 تحليلا) ليصبح العدد الجملي للمصابين بهذا الفيروس، وذلك بعد التثبت من المعطيات وتحيينها، 495 حالة مؤكدة من بين 5736 تحليلا جمليا. الخميس 2 أفريل 2020: أعلنت وزارة الصحة أنه بتاريخ 01 أفريل 2020، تم تسجيل 33 حالة إصابة جديدة من مجموع 674 تحليلا مخبريا (المخبر المرجعي بمستشفى شارل نيكول: 273 تحليلا، مخبر معهد باستور تونس: 211 تحليلا، مخبر مستشفى فطومة بورقيبة بالمنستير: 117 تحليلا، مخبر مستشفى فرحات حشاد بسوسة: 73 تحليلا) ليصبح العدد الجملي للمصابين بهذا الفيروس، وذلك بعد التثبت من المعطيات وتحيينها، 455 حالة مؤكدة من بين 5130 تحليلا جمليا. الأربعاء 1 أفريل 2020: أكّدت نصاف بن علية مديرة المرصد الوطني للأمراض الجديدة والمستجدة تسجيل 30 إصابة جديدة بفيروس كورونا في تونس ليرتفع العدد الجملي للمصابين إلى 423 من بين 4456 تحليلا جمليا.    الثلاثاء 31 مارس 2020: أعلنت وزارة الصحّة في بلاغ مساء لثلاثاء 31 مارس 2020 عن تسجيل 32 إصابة جديدة بفيروس كورونا المستجدّ من مجموع 442 تحليلا مخبريا (المخبر المرجعي بمستشفى شارل نيكول 234 تحليلا ومخبر معهد باستور 208 تحليلا). ليرتفع العدد الجملي للمصابين بهذا الفيروس وذلك بعد التثبت وتحيين المعطيات إلى 394 حالة مؤكدة من بين 4194 تحليلا جمليا. الإثنين 30 مارس 2020: أعلنت وزارة الصحة الإثنين 30 مارس 2020، أنّه تم تسجيل 50 حالة إصابة جديدة من مجموع 447 تحليلا مخبريا (المخبر المرجعي بمستشفى شارل نيكول: 234 تحليلا، مخبر معهد باستور 213 تحليلا) ليصبح العدد الجملي للمصابين بهذا الفيروس 362 حالة مؤكدة من بين 3752 تحليلا جمليا.    الأحد 29 مارس 2020: أعلنت وزارة الصحة عن تسجيل 34 حالة إصابة جديدة من مجموع 536 تحليلا مخبريا (المخبر المرجعي بمستشفى شارل نيكول: 287 تحليلا، مخبر معهد باستور: 249 تحليلا) ليصبح العدد الجملي للمصابين بهذا الفيروس 312 حالة مؤكدة من بين 3305 تحليلا جمليا. السبت 28 مارس 2020: أعلنت وزارة الصحة أنه بتاريخ السبت 27 مارس 2020، تم تسجيل 51 حالة إصابة جديدة بفيروس كورونا من مجموع 724 تحليل مخبري (المخبر المرجعي بمستشفى شارل نيكول : 334 تحليل، مخبر معهد باستور 248 تحليل ، مخبر المستشفى العسكري:  142 تحليل) ليصبح العدد الجملي للمصابين بهذا الفيروس 278 حالة مؤكدة من بين 2769 تحليل جملي.  وبلغ عدد الوفيات: 08: (03 صفاقس ،01 سوسة،01 بأريانة، 01 الكاف، 01 المهدية، تطاوين 01). الجمعة 27 مارس 2020: أعلنت وزارة الصحة أنه بتاريخ 26 مارس 2020، تم تسجيل 30 حالة إصابة جديدة من مجموع 282 تحليلا مخبريا ليصبح العدد الجملي للمصابين بهذا الفيروس 227 حالة مؤكدة من بين 2045 تحليلا جمليا، تتوزع على 20 ولاية. وتمّ تسجيل حالة وفاة سابعة، لمصاب أصيل ولاية صفاقس. الخميس 26 مارس 2020:  أعلنت وزارة الصحة أنه بتاريخ 25 مارس 2020، تم تسجيل 24 حالة إصابة جديدة من مجموع 309 تحليلا مخبريا ليصبح العدد الجملي للمصابين بهذا الفيروس 197 حالة مؤكدة من بين 1763 تحليلا جمليا. الأربعاء 25 مارس 2020: أعلن وزير الصحة عبد اللطيف المكي في ندوة صحفية، عن تسجيل 59 حالة إصابة جديدة بكورونا، مما يرفع عدد الإصابات إلى 173 إصابة، أغلبها إصابات أفقية. وشدّد وزير الصحة على إرتفاع عدد الإصابات المحلية مقارنة بالوافدة. الثلاثاء 24 مارس 2020:  أعلنت وزارة الصحة في بلاغ لها أنه بتاريخ 23 مارس 2020، تم تسجيل 25 حالة إصابة جديدة من مجموع 124 تحليلا مخبريا ليصبح العدد الجملي للمصابين بهذا الفيروس 114 حالة مؤكدة (74 حالة مستوردة و39 حالة محلية) من بين 1211 تحليل جملي. المدير الجهوي للصحة بسوسة سامي الرقيق يعلن تسجيل رابع حالة وفاة بفيروس كورونا المستجد، وهو المصاب الثاني اصيل معتمدية بومرداس من ولاية المهدية المقيم بمستشفى فرحات حشاد بسوسة.    الإثنين 23 مارس 2020: أكّدت مديرة المركز الوطني للأمراض الجديدة والمستجدة نصاف بن علية خلال ندوة صحفية اليوم الإثنين 23 مارس 2020، تسجيل 14 حالة جديدة بفيروس كورونا في تونس، من بين 126 تحليلا تم إجراؤه أمس، ليرتفع بذلك العدد إلى 89 حالة مؤكّدة، 60 حالة وافدة و29 محلية.   الأحد 22 مارس 2020 : أعلنت مديرة المرصد الوطني للأمراض الجديدة والمستجدة نصاف بن علية إرتفاع عدد المصابين بفيروس كورونا إلى 75 حالة مؤكدة. وأفادت بن علية، بأن الحالات تتوزع بين 54 حالة مستوردة، و21 حالة محلية. وتمّ تسجيل 3 حالات وفاة بالفيروس، تتعلق بإمرأة في سوسة وشيخ في صفاقس ورجل ستيني في أريانة.    السبت 21 مارس 2020: أعلنت وزارة الصحة خلال ندوة صحفية، إرتفاع عدد الإصابات بفيروس كورونا إلى 60 حالة بعد تسجيل 6 حالات جديدة من مجموع 126 تحليلا أجري أمس. وأوضحت أنّ 41 من الحالات وافدة و19 محلية، مع إخضاع 11 ألف و863 شخصا للحجر الصحي الذاتي. الجمعة 20 مارس 2020 : أعلنت نصاف بن علية مديرة المرصد الوطني للأمراض الجديدة والمستجدة ارتفاع عدد الإصابات بفيروس كورونا إلى 54 حالة، 36 منها مستوردة و18 محلية.  ويبلغ معدّل أعمار المصابين  43 سنة 50 بالمائة منهم ذكور و50 بالمائة إناث.  وبالنسبة للجنسيات، قالت بن علية إنّ 40 منهم تونسيون و10 أجانب.     ويشار إلى أنّه تمّ منذ ظهور الفيروس في تونس إخضاع 11 ألف شخص للحجر الصحي الذاتي، ما يزال أكثر 7500 منهم في الحجر. الخميس 19 مارس 2020 وزارة الصحة تعلن في مؤتمر صحفي الخميس 19 مارس ارتفاع عدد الحالات المصابة بفيروس كورونا في تونس إلى 39 حالة بعد تسجيل 10 حالات جديدة، بعد صدور نتائج 86 تحليلا مخبريّا. والوزارة أوضحت أنّ الحالات الجملية تتوزّع حاليا بين 25 حالة مستوردة، و14 حالة محلية، كما تم وضع 8787 شخص في الحجر الصحي .    الأربعاء 18 مارس 2020  يوم 18  مارس 2020، أعلنت نصاف بن علية المديرة العامة للمرصد الوطني للأمراض الجديدة والمستجدة بوزارة الصحة ارتفاع عدد المصابين بفيروس كورونا في تونس إلى 29 حالة بعد تسجيل 5 حالات جديدة.  وأوضحت بن علية أن الحالات الخمس التي تم تسجيلها منها ثلاث حالات مستوردة وحالتين محليتين الإثنين 16  مارس 2020  أكّد رئيس الحكومة الياس الفخفاخ في كلمة موجّهة للشعب التونسي أنّ عدد حالات الإصابة بفيروس كورونا المسجّلة في تونس بلغ 24 حالة، وذلك في خطاب موجّه للشعب التونسي بثّته القناة الوطنية الأولى أعلن فيه عن جملة من القرارات الجديدة لمحاولة احتواء تفشي فيروس كورونا.    الأحد 15 مارس 2020 : الدكتورة نصاف بن علية المديرة العامة للمرصد الوطني للأمراض الجديدة والمستجدة تعلن تسجيل حالتي إصابة جديدة بفيروس كورونا، وهما حالتان مستوردتان من فرنسا.  وأوضحت بن علية أن المصاب الأول هو من ولاية القيروان وعاد إلى تونس في 11 مارس، أما المصاب الثاني فهو من تونس العاصمة، وعمراهما 29 و33 سنة.  كما أكدت أن الحالتين الجديدتين دخلتا تونس عبر الطائرة قادمتين من فرنسا، ويتم الحجر الصحي عليهما في منزليهما.    السبت 14 مارس 2020 : مديرة المرصد الوطني للأمراض الجديدة والمستجدة نصاف بن علية تعلن عن تسجيل 02 حالات إصابة جديدة بفيروس كورونا المستجدّ بعد صدور نتائج 70 تحليلا مخبريّا أسفرت عن 02 نتائج إيجابيّة ليصبح العدد الجملي للمصابين بهذا الفيروس 18 حالة مؤكدة. وكشفت بن علية أنّ الإصابتين الجديدتين أحداها أصيل ولاية تطاوين ويبلغ من العمر 47 سنة والحالة الثانية أصيب بالعدوى وهو أصيل ولاية أريانة ويبلغ من العمر 71 سنة. وقالت إن نصف الحالات مستوردة والنصف الثاني أصيبوا عن  طريق العدوى وتم وضع 4617 شخص في الحجر الذاتي.    الجمعة 13 مارس 2020 :  الدكتور شكري حمودة مدير إدارة الرعاية الصحية الأساسية بوزارة الصحة يعلن عن تسجيل 03 حالات إصابة جديدة بفيروس كورونا المستجدّ بعد صدور نتائج 43 تحليلا مخبريّا أسفرت عن 03 نتائج إيجابيّة ليصبح العدد الجملي للمصابين بهذا الفيروس 16 حالة مؤكدة تتوزع كالآتي : (04) حالة في ولاية أريانة حالتين مستوردتين قادمتين من مصر إضافة إلى حالتين محليتين أصيبتا بالعدوى.  (01) حالة في ولاية قفصة قادمة من إيطاليا.  (03) حالة في ولاية المهدية إحداها قادمة من إيطاليا إضافة إلى حالتين محليتين أصيبتا بالعدوى.  (06) حالة في ولاية تونس إحداها لمقيمة من جنسية إيطالية إضافة إلى حالتين مستوردتين قادمتين من فرنسا و3 حالات محلية أصيبت بالعدوى.  (02) حالة في ولاية بنزرت إحداها مستوردة قادمة من سترازبورغ (غادرت تونس) إضافة إلى حالة محليّة أصيبت بالعدوى. الخميس 12 مارس 2020: نصاف بن علية رئيسة المرصد الوطني للأمراض الجديدة والمستجدة تعلن خلال ندوة صحفية أن العدد الجملي لحاملي الفيروس أصبح 13 شخصا بعد إضافة 6 اشخاص منهم 2 عادوا من فرنسا و4 اختلطوا بالمرضى السابقين كلّهم من تونس الكبرى، وذلك بعد اجراء 72 تحليلا مخبربا اليوم.    الأربعاء 11 مارس 2020 : وزير الصحة عبد اللطيف المكي يعلن عن تسجيل حالة إصابة جديدة مؤكدة مستوردة بفيروس كورونا المستجدّ لمواطن قادم من مصر، ليرتفع إجمالي عدد الإصابات في البلاد إلى 7. في نفس اليوم، المكي يعلن أن المصاب الأول بكورونا شفي من حيث العلامات السريرية، ومن المنتظر أن يغادر المستشفى خلال الأيام القادمة.    الثلاثاء 10 مارس 2020 :  وزارة الصحة تعلن تسجيل إصابة سادسة بفيروس كورونا. المصاب الجديد هو قريب المصاب بالفيروس في بومرداس من ولاية المهدية، الذي نقل العدوى إلى زوجته، مما يجعل عدد المصابين من العائلة ذاتها 3 أشخاص. في نفس اليوم، تونس تقرر إيقاف كل الرحلات البحرية بين تونس وإيطاليا، كما تم اختصار الرحلات بين تونس وفرنسا إلى رحلة واحدة في الأسبوع من تونس إلى مرسيليا بدل رحلتين. أما على مستوى النقل الجوي، فقد تقرر عدم إستقبال خطوط طيران من إيطاليا إلا القادمة من روما، كما تقرر أيضاً التخفيض من عدد الرحلات من 14 إلى 3 رحلات فقط. الإثنين 02 مارس 2020.   الإثنين 09 مارس 2020 :  وزارة الصحة تونس تعلن تسجيل 3 إصابات جديدة بكورونا، ليرتفع بذلك إجمالي عدد الإصابات في البلاد إلى 5.    الأحد 08 مارس 2020 : وزارة الصحة تعلن تسجيل ثاني إصابة بفيروس ""كورونا"" لمواطن آخر قادم من إيطاليا.  ويبلغ هذا المواطن من العمر 65 عاماً، وتم نقله مباشرةً لوحدة عزل صحي.    السبت 07 مارس 2020 : وزارة الصحة تعلن أن 1295 شخصاً من جنسيات مختلفة يخضعون للحجر الصحي المنزلي في مناطق مختلفة عبر البلاد، للاشتباه بإصابتهم بالفيروس. الإثنين 02 مارس 2020 : وزير الصحة عبد اللطيف المكي يعلن تسجيل أول إصابة بفيروس ""كورونا"" بالبلاد. وقال المكي خلال مؤتمر صحفي عقده بمقر الوزارة، إن تونسيا (40 عاما) عاد إلى البلاد قادماً من إيطاليا، البلد الأكثر تضرراً من الفيروس في أوروبا. وإستخدم المصاب سفينة كانت تقل 254 شخصا ووصلت إلى تونس في 27 فيفري، حيث تم إخضاع جميع المسافرين للحجر الصحي. "
1,https://www.mosaiquefm.net/ar/%D9%85%D9%88%D8%B2%D8%A7%D9%8A%D9%8A%D9%83-%D8%A2%D9%81-%D8%A2%D9%85-%D9%85%D8%AA%D9%81%D8%B1%D9%82%D8%A7%D8%AA-%D8%A3%D8%AE%D8%A8%D8%A7%D8%B1-%D8%AA%D9%88%D9%86%D8%B3-%D8%A3%D8%AE%D8%A8%D8%A7%D8%B1-%D8%A7%D9%84%D8%B9%D8%A7%D9%84%D9%85/727343/%D8%A8%D9%86-%D8%B5%D8%A7%D9%84%D8%AD%D8%A9-%D8%A7%D9%84%D8%AD%D9%88%D8%A7%D8%B1-%D8%AF%D9%81%D8%B9%D8%AA-%D8%B3%D9%84%D9%8A%D9%85%D8%A7%D9%86%D9%8A-%D9%84%D8%A8%D8%A8%D8%B9-%D9%82%D9%84%D8%A8-%D8%A7%D9%84%D8%B0%D9%8A%D8%A8-%D9%84%D9%84%D9%88%D8%B7%D9%86%D9%8A%D8%A9-%D9%88%D8%A7%D9%82%D8%AA%D8%B3%D8%A7%D9%85-%D8%A7%D9%84%D8%A3%D9%85%D9%88%D8%A7%D9%84,بن صالحة: الحوار دفعت سليماني لبيع 'قلب الذيب' للوطنية واقتسام الأموال,"قال المحامي منير بن صالحة إنّ جميع الإجراءات التي قامت بها قناة الحوار التونسي لوقف العقد المبرم بين القناة الوطنية الأولى والشركة المنتجة لمسلسل ""قلب الذيب""، هي اجراءات لا تستقيم لأنّها تمّت أمام محاكم او هيئات غير مختصة ولا يمكن الإستجابة لهذه الطلبات.   وأوضح بن صالحة في مداخلة هاتفية في برنامج ""أحلى صباح"" الإثنين 20 أفريل 2020  أن القضاء العدلي العادي هي الجهة المختصة لإصدار القرار بخصوص الجهة المتضرّرة إن كانت قناة الحوار التونسي أو الشركة المنتجة والتي تتدعي كل منهما حصول الضرر عليها.   وتتهم قناة الحوار التونسي الشركة المنتجة للمسلسل ومن ورائها خولة سليماني بالتحيّل وهو ما تنفيه الشركة.   وأكّد بن صالحة من جهة أخرى أنّه لا وجود لأي عقد بين الحوار التونسي والشركة المنتجة، وأنّ جميع الوثائق المقدّمة غير ممضاة أعدتها قناة الحوار بنفسها ما عدا نصف صفحة تحمل امضاء ""منسوب"" إلى الشركة المنتجة، مشيرا في هذا الصدد إلى أنّه سيتمّ اتخاذ اجراءات قضائية في هذا الشأن.       وقال بن صالحة إنّ القناة الوطنية الأولى اشترت المسلسل طبقا للإجراءات القانونية بعد عرض المسلسل للبيع، مشيرا إلى أنّه لا يمكن حرمان القناة من بث المسلسل.   وفي سياق متّصل أشار بن صالحة إلى أنّ بعض الجهات في قناة الحوار التونسي  وجهت الشركة المنتجة نحو التلفزة الوطنية وطلبت منها عرض المسلسل للبيع بمبلغ مشطّ على أن تحصل القناة على نصف المبلغ لكنّ الشركة رفضت ذلك وقامت ببيع المسلسل بسعر عادي، وفق قوله. المزيد من التفاصيل في مداخلة منير بن صالحة:   "
2,https://www.mosaiquefm.net/ar/%D8%AA%D9%88%D9%86%D8%B3-%D8%A3%D8%AE%D8%A8%D8%A7%D8%B1-%D9%88%D8%B7%D9%86%D9%8A%D8%A9/727327/%D8%A7%D9%84%D9%87%D8%A7%D8%B4%D9%85%D9%8A-%D8%A7%D9%84%D9%88%D8%B2%D9%8A%D8%B1-%D8%A7%D9%84%D8%B9%D8%B7%D8%A8-%D9%81%D9%8A-%D8%A2%D9%84%D8%A9-%D8%A7%D9%84%D8%AA%D8%AD%D8%A7%D9%84%D9%8A%D9%84-%D9%84%D9%85-%D9%8A%D8%A4%D8%AB-%D8%B1-%D8%B9%D9%84%D9%89-%D8%A7%D9%84%D9%86%D8%AA%D8%A7%D8%A6%D8%AC,الهاشمي الوزير: العطب في آلة التحاليل لم يؤثّر على النتائج (فيديو),نفى مدير معهد باستور الهاشمي الوزير في برنامج ''أحلى صباح '' اليوم الإثنين 20 أفريل 2020، حصول خطأ في التحاليل المجراة لفيروس كورونا في مخبر معهد باستور يوم السبت 18 أفريل. وأكّد حصول عطب بسيط في آلة بالمخبر، فوقع استبدالها بأخرى متابعا '' الموضوع بسيط جدا ويحدث في جميع المخابر ولم تؤثّر على نتائج العينات المرفوعة لعدد من المواطنين سواء السلبية أو  الإيجابية''، مشدّدا على أنّ التأثير الوحيد الحاصل من العطب هو تأخّر صدور النتائج لا غير، حسب قوله.    
3,https://www.mosaiquefm.net/ar/%D8%A7%D9%84%D8%A3%D8%AE%D8%A8%D8%A7%D8%B1-%D8%A7%D9%84%D8%B9%D8%A7%D9%84%D9%85%D9%8A%D8%A9/727323/%D9%88%D8%A7%D8%B4%D9%86%D8%B7%D9%86-%D8%AA%D8%AC%D9%85-%D8%B9-2500-%D9%85%D8%AD%D8%AA%D8%AC-%D8%A3%D9%85%D8%A7%D9%85-%D8%A7%D9%84%D9%83%D9%88%D9%86%D8%BA%D8%B1%D8%B3-%D8%A7%D8%AD%D8%AA%D8%AC%D8%A7%D8%AC%D8%A7-%D8%B9%D9%84%D9%89-%D8%A7%D9%84%D8%AD%D8%AC%D8%B1-%D8%A7%D9%84%D8%B5%D8%AD%D9%8A,واشنطن: تجمّع 2500 محتجّ أمام الكونغرس احتجاجا على الحجر الصحي,تجّمع ما يقدّر بنحو 2500 شخص عند مبنى الكونغرس بواشنطن أمس الأحد، للاحتجاج على أمر، ''جاي إنسلي'' بالبقاء في البيوت للحد من انتشار فيروس كورونا ليخرقوا بذلك حظرا على تجمع خمسين شخصا أو أكثر. وعلى الرغم من مناشدات منظمي التجمع بوضع كمامات لم يفعل كثيرون ذلك. وقدّرت الشرطة عدد الحشد بنحو 2500 شخص، ممّا يجعله أحد أكبر الاحتجاجات في الولايات الأمريكية على العزل العام خلال الأسبوع الأخير. وفي أولمبيا تجمّع مئات بشكل متقارب على درجات مبنى الكونغرس وحول نافورة في مخالفة لإرشادات الولاية والحكومة خلال جائحة فيروس كورونا المستجد. وكان الرئيس الأمريكي دونالد ترامب قد أبدى على تويتر يوم الجمعة تأييده لاحتجاجات مماثلة في ''ميشيجان'' و''مينيسوتا'' و''فرجينيا''، ”لتحريرها“ من قواعد التباعد الاجتماعي. 
4,https://www.mosaiquefm.net/ar/%D9%85%D9%88%D8%B2%D8%A7%D9%8A%D9%8A%D9%83-%D8%A2%D9%81-%D8%A2%D9%85-%D9%85%D8%AA%D9%81%D8%B1%D9%82%D8%A7%D8%AA-%D8%A3%D8%AE%D8%A8%D8%A7%D8%B1-%D8%AA%D9%88%D9%86%D8%B3-%D8%A3%D8%AE%D8%A8%D8%A7%D8%B1-%D8%A7%D9%84%D8%B9%D8%A7%D9%84%D9%85/727319/%D8%AA%D8%B5%D9%8A%D8%A8-%D8%A7%D9%84%D8%B9%D9%8A%D9%86-%D8%A3%D8%B9%D8%B1%D8%A7%D8%B6-%D8%AC%D8%AF%D9%8A%D8%AF%D8%A9-%D9%84%D9%81%D9%8A%D8%B1%D9%88%D8%B3-%D9%83%D9%88%D8%B1%D9%88%D9%86%D8%A7,تصيب العين:  أعراض جديدة لفيروس كورونا,"كشفت دراسة جديدة ظهور أعراض جديدة عند بعض المصابين بفيروس كورونا تتمثّل في  التهاب ملتحمة العين  ما يعرف باسم ""العين الوردية"".   و التهاب ملتحمة العين هو التهاب يصيب الطبقة الخارجية للعين والسطح الداخلي للجفن. ويحدث هذا الإلتهاب عادة نتيجة عدوى فيروسية أو بكتيرية.   وتشير هذه الدراسة إلى أنّ الفيروس يمكن أن ينتشر إذا قام شخص ما بفرك العين المصابة ثم لمس شخصًا آخر، حيث ينتقل الفيروس عبر الأغشية المخاطية للعين إلى شخص آخر، عن طريق الدموع.   وأظهرت دراسة حديثة أن 12 من 38 مريضًا بفيروس كورونا، كانت لديهم أعراض تتعلق بالعين، منها احتقان الملتحمة أو تورم الملتحمة أو الترطيب المفرط للعين.   ووفق الدراسة نفسها فإنّ هذه الأعراض ظهرت بالخصوص  لدى المرضى الذين يعانون بشكل حاد من جراء الإصابة بفيروس كورونا.   ويمكن تجنب التهاب الملتحمة من خلال عدم لمس العين والوجه باليدين، واستخدام النظارات بدلاً من العدسات اللاصقة، وغسل اليدين بالماء والصابون بشكل جيد.   وحذّرت الدراسة من  مشاركة مستحضرات التجميل الخاصة بالعين مع الآخرين، وتجنب مشاركة المناشف والوسائد وأغطية الأسرة، وعدم استخدام حمامات السباحة.   *عن سكاي نيوز عربية    "
5,https://www.mosaiquefm.net/ar/%D8%AA%D9%88%D9%86%D8%B3-%D8%A3%D8%AE%D8%A8%D8%A7%D8%B1-%D9%88%D8%B7%D9%86%D9%8A%D8%A9/727315/%D8%B1%D8%AC-%D8%A9-%D8%A3%D8%B1%D8%B6%D9%8A%D8%A9-%D8%A8%D9%82%D9%88%D8%A9-3-05-%D9%81%D9%8A-%D8%A7%D9%84%D8%B5%D8%AE%D9%8A%D8%B1%D8%A9,رجّة أرضية بقوة 3.05 في الصخيرة,سجّلت محطات رصد الزلازل التابعة للمعهد الوطني اليوم الإثنين 20 أفريل 2020 على الساعة السابعة و27 دقيقة رجة أرضية بلغت قوتها 3.05 درجة على سلم ريشتر وحدّد مركزها، حسب التحاليل الأولية غرب معتمدية الصخيرة من ولاية صفاقس. 
6,https://www.mosaiquefm.net/ar/%D8%A7%D9%84%D8%A3%D8%AE%D8%A8%D8%A7%D8%B1-%D8%A7%D9%84%D8%B9%D8%A7%D9%84%D9%85%D9%8A%D8%A9/727311/%D8%A5%D8%B7%D9%84%D8%A7%D9%82-%D9%86%D8%A7%D8%B1-%D9%81%D9%8A-%D9%83%D9%86%D8%AF%D8%A7-%D9%85%D8%B3%D9%84%D8%AD-%D9%8A%D8%B1%D8%AA%D8%AF%D9%8A-%D8%B2%D9%8A-%D8%B4%D8%B1%D8%B7%D9%8A-%D9%8A%D9%82%D8%AA%D9%84-16-%D8%B4%D8%AE%D8%B5%D8%A7,إطلاق نار في كندا: مسلح يرتدي زي شرطي يقتل 16 شخصا,"فتح مسلّح يرتدي زي شرطي النار في كندا وتحديدا ''نوفا سكوشا''، فقتل 16 شخصا على الأقل، من بينهم ضابط شرطة،​​​​​​​ في مواجهة دامت 12 ساعة مساء أمس الأحد، حسب ما قالت تقارير إعلامية كندية، نقلها موقع بي بي سي. وألقت الشرطة القبض على المسلح في بلدة ''بورتابيك'' الريفية، ونصحت السلطات السكان بالبقاء في منازلهم وإغلاق أبوابهم قبل إلقاء القبض على المسلح عقب الهجوم. وقالت الشرطة إن المشتبه به كان يقود على ما يبدو سيارة للشرطة قبل أن يركب سيارة أخرى. ووصف رئيس الوزراء الكندي ''جاستن ترودو'' الهجوم بأنه ""مروع""، وقالت الشرطة إنّها أُبلغت في ساعة متأخّرة من السبت عن حادث يتعلّق بإطلاق نار. وجاء في تغريدات لشرطة ''نوفا سكوشا'' أنّ المهاجم يدعى ''غابريل ورتمان''، ويبلغ من العمر 51 عاما، وقالت التغريدة ''إنّ المهاجم ليس من العاملين في الشرطة الكندية، ولكنه قد يكون مرتديا لزي الشرطة"".     "
7,https://www.mosaiquefm.net/ar/%D8%AA%D9%88%D9%86%D8%B3-%D8%B1%D9%8A%D8%A7%D8%B6%D8%A9-%D8%A3%D8%AE%D8%A8%D8%A7%D8%B1/727287/%D8%B9%D9%82%D9%88%D8%A8%D8%A7%D8%AA-%D8%AC%D8%AF%D9%8A%D8%AF%D8%A9-%D9%85%D9%86-%D8%A7%D9%84%D9%81%D9%8A%D9%81%D8%A7-%D9%87%D9%8A%D8%A6%D8%A9-%D8%A7%D9%84%D8%A7%D9%81%D8%B1%D9%8A%D9%82%D9%8A-%D8%AA%D9%86%D9%81%D9%8A,عقوبات جديدة من الفيفا : هيئة الافريقي تنفي,أصدرت إدارة النادي الإفريقي مساء أمس الاحد على صفحة الفريق الرسمية توضيحا بخصوص ما تم تداوله من شائعات تفيد ان الاتحاد الدولي لكرة القدم قد راسل الافريقي من أجل اعلامه بعقوبات قاسية اثر القضية التي رفعها وكيل اعمال اللاعبين الكاميرونيين ديديي روستان و نيكولا سارج، حيث اكدت الكتابة العامة للنادي الافريقي انها لم تتلق اي مراسلة صادرة عن لجنة النزاعات التابعة للفيفا، و في حالة وصولها بصفة رسمية فانه سوف يتم نشر محتواها و توضيح مصيرها القانوني لاحباء النادي .   يذكر ان الكاميرونيين في شخص وكيلهما سبق وأن تقدما بشكوى لدى لجنة النزاعات التابعة للاتحاد الدولي لكرة القدم متهمين فيها ادارة النادي الافريقي بتدليس وثيقة الاتفاق بالتراضي مقابل سحب شكوى مودعة لدى الفيفا .   و هو ما جعل لجنة النزاعات تراسل ادارة الافريقي في 2 افريل الفارط لتطالبها بالرد على اتهامات اللاعبين في اجل لا يتجاوز 12 افريل 2020 .   للاشارة فان عددا من المحامين المقربين من النادي الافريقي أكدو في صفحاتهم على فايسبوك ان لجنة النزاعات، و بانقضاء المهلة التي قدمتها، قررت وضع ملف القضية على ذمة لجنة التاديب التابعة للفيفا في انتظار وصول الاشعار الرسمي الى الكتابة العامة للفريق . 
8,https://www.mosaiquefm.net/ar/%D8%AA%D9%88%D9%86%D8%B3-%D8%B1%D9%8A%D8%A7%D8%B6%D8%A9-%D8%A3%D8%AE%D8%A8%D8%A7%D8%B1/727283/%D9%81%D8%A7%D8%B1%D9%88%D9%82-%D8%A8%D9%86-%D9%85%D8%B5%D8%B7%D9%81%D9%89-%D9%84%D9%85-%D9%8A%D9%83%D9%86-%D8%B6%D9%85%D9%86-%D8%B1%D8%AD%D9%84%D8%A9-%D8%A7%D9%84%D8%A7%D8%AC%D9%84%D8%A7%D8%A1,فاروق بن مصطفى لم يكن ضمن رحلة الاجلاء,لم يكن حارس المنتخب الوطني والشباب السعودي فاروق بن مصطفى، ضمن الطائرة التي حطت اليوم بجربة قادمة من الأراضي السعودية والتي كان على متنها عدد من التونسيين العالقين في السعودية ومن بينهم عدد من الرياضيين.    وفي الواقع فإن بن مصطفى كان ضمن القائمة الاولى التي تم اعدادها قبل ان يحصل تغيير ويأخذ مكانه على ما يبدو محمود بن صالح بحكم ظروفه العائلية بعد وفاة والدته رحمها الله. 
9,https://www.mosaiquefm.net/ar/%D8%AA%D9%88%D9%86%D8%B3-%D8%A3%D8%AE%D8%A8%D8%A7%D8%B1-%D9%88%D8%B7%D9%86%D9%8A%D8%A9/727279/%D8%B7%D9%82%D8%B3-%D8%A7%D9%84%D8%A7%D8%AB%D9%86%D9%8A%D9%86-%D8%B3%D8%AD%D8%A8-%D9%83%D8%AB%D9%8A%D9%81%D8%A9-%D9%88%D8%A3%D9%85%D8%B7%D8%A7%D8%B1-%D9%85%D8%AA%D9%81%D8%B1%D9%82%D8%A9,طقس الاثنين.. سحب كثيفة وأمطار متفرقة ,طقس الأثنين 19 أفريل 2020 يتميز بسبحب أحياناً كثيفة مع أمطار متفرقة و مؤقتا رعدية بالمناطق الغربية ثم تشمل تدريجيا بقية الجهات و تكون محليا غزيرة بعد الظهر بأقصى الشمال و الشمال الغرب، مع تساقط البرد بأماكن محدودة. الريح من القطاع الغربي قوية من 50 إلى 70 كلم/س قرب السواحل و المرتفعات وبالجنوب حيث تثير محليا الرمال و الأتربة ومعتدلة فقوية نسبيا من 20 إلى 40 كلم/س ببقية المناطق كما تتجاوز مؤقتا 80 كلم/س في شكل هبات وأثناء السحب الرعدية، والبحر سيكون شديد الأضطراب فهائج. الحرارة في انخفاض طفيف وتتراوح القصوى بين 18 و 22 درجة بالشمال والمرتفعات وبين 24 و 28 درجة ببقية الجهات و تصل إلى 30 درجة بأقصى الجنوب. 
10,https://www.mosaiquefm.net/ar/%D8%AA%D9%88%D9%86%D8%B3-%D8%B1%D9%8A%D8%A7%D8%B6%D8%A9-%D8%A3%D8%AE%D8%A8%D8%A7%D8%B1/727287/%D8%B9%D9%82%D9%88%D8%A8%D8%A7%D8%AA-%D8%AC%D8%AF%D9%8A%D8%AF%D8%A9-%D9%85%D9%86-%D8%A7%D9%84%D9%81%D9%8A%D9%81%D8%A7-%D9%87%D9%8A%D8%A6%D8%A9-%D8%A7%D9%84%D8%A7%D9%81%D8%B1%D9%8A%D9%82%D9%8A-%D8%AA%D9%86%D9%81%D9%8A,عقوبات جديدة من الفيفا : هيئة الافريقي تنفي,أصدرت إدارة النادي الإفريقي مساء أمس الاحد على صفحة الفريق الرسمية توضيحا بخصوص ما تم تداوله من شائعات تفيد ان الاتحاد الدولي لكرة القدم قد راسل الافريقي من أجل اعلامه بعقوبات قاسية اثر القضية التي رفعها وكيل اعمال اللاعبين الكاميرونيين ديديي روستان و نيكولا سارج، حيث اكدت الكتابة العامة للنادي الافريقي انها لم تتلق اي مراسلة صادرة عن لجنة النزاعات التابعة للفيفا، و في حالة وصولها بصفة رسمية فانه سوف يتم نشر محتواها و توضيح مصيرها القانوني لاحباء النادي .   يذكر ان الكاميرونيين في شخص وكيلهما سبق وأن تقدما بشكوى لدى لجنة النزاعات التابعة للاتحاد الدولي لكرة القدم متهمين فيها ادارة النادي الافريقي بتدليس وثيقة الاتفاق بالتراضي مقابل سحب شكوى مودعة لدى الفيفا .   و هو ما جعل لجنة النزاعات تراسل ادارة الافريقي في 2 افريل الفارط لتطالبها بالرد على اتهامات اللاعبين في اجل لا يتجاوز 12 افريل 2020 .   للاشارة فان عددا من المحامين المقربين من النادي الافريقي أكدو في صفحاتهم على فايسبوك ان لجنة النزاعات، و بانقضاء المهلة التي قدمتها، قررت وضع ملف القضية على ذمة لجنة التاديب التابعة للفيفا في انتظار وصول الاشعار الرسمي الى الكتابة العامة للفريق . 
11,https://www.mosaiquefm.net/ar/%D8%AA%D9%88%D9%86%D8%B3-%D8%B1%D9%8A%D8%A7%D8%B6%D8%A9-%D8%A3%D8%AE%D8%A8%D8%A7%D8%B1/727283/%D9%81%D8%A7%D8%B1%D9%88%D9%82-%D8%A8%D9%86-%D9%85%D8%B5%D8%B7%D9%81%D9%89-%D9%84%D9%85-%D9%8A%D9%83%D9%86-%D8%B6%D9%85%D9%86-%D8%B1%D8%AD%D9%84%D8%A9-%D8%A7%D9%84%D8%A7%D8%AC%D9%84%D8%A7%D8%A1,فاروق بن مصطفى لم يكن ضمن رحلة الاجلاء,لم يكن حارس المنتخب الوطني والشباب السعودي فاروق بن مصطفى، ضمن الطائرة التي حطت اليوم بجربة قادمة من الأراضي السعودية والتي كان على متنها عدد من التونسيين العالقين في السعودية ومن بينهم عدد من الرياضيين.    وفي الواقع فإن بن مصطفى كان ضمن القائمة الاولى التي تم اعدادها قبل ان يحصل تغيير ويأخذ مكانه على ما يبدو محمود بن صالح بحكم ظروفه العائلية بعد وفاة والدته رحمها الله. 
12,https://www.mosaiquefm.net/ar/%D8%AA%D9%88%D9%86%D8%B3-%D8%B1%D9%8A%D8%A7%D8%B6%D8%A9-%D8%A3%D8%AE%D8%A8%D8%A7%D8%B1/727003/%D8%A5%D8%B5%D8%A7%D8%A8%D8%A9-%D8%B1%D8%A6%D9%8A%D8%B3-%D9%86%D8%A7%D8%AF%D9%8A-%D8%A8%D8%B1%D9%8A%D8%B4%D9%8A%D8%A7-%D8%A7%D9%84%D8%A5%D9%8A%D8%B7%D8%A7%D9%84%D9%8A-%D9%88%D8%A7%D8%A8%D9%86%D8%AA%D9%87-%D8%A8%D9%83%D9%88%D8%B1%D9%88%D9%86%D8%A7,إصابة رئيس نادي بريشيا الإيطالي وابنته بكورونا,"أكد ماسيمو تشيلينو رئيس نادي بريشيا الإيطالي، إصابته وابنته بفيروس كورنا المستجد. وقال تشيلينو لصحيفة 'لا ريبابليكا' مساء السبت 18 أفريل 2020: ""بقيت في كالياري لعدة أيام، بعد أن مكثت في الحجر الصحي بمدينة بريشيا لمدة 3 أسابيع"". وأضاف: ""ذهبت للمستشفى للخضوع لفحوص طبية بعد شعوري بالإعياء وألم في عظامي"". وختم: ""ابنتي أصيبت أيضًا بفيروس كورونا لكن على عكس ما ذكر الإعلام فإن نجلي سليم.. في الوقت الحالي أنا مصاب بالعدوى"". وفي وقت سابق أكد تشيلينو إنه ضد استئناف الدوري الإيطالي في جوان القادم، خاصة وأنه يتحدث من أكثر منطقة في العالم تضررًا بفيروس كورونا.     "
13,https://www.mosaiquefm.net/ar/%D8%AA%D9%88%D9%86%D8%B3-%D8%B1%D9%8A%D8%A7%D8%B6%D8%A9-%D8%A3%D8%AE%D8%A8%D8%A7%D8%B1/726991/%D8%AF%D9%88%D8%B1%D9%8A-%D8%A7%D9%84%D9%82%D8%AF%D9%85-%D9%81%D9%8A-%D8%AA%D8%B1%D9%83%D9%85%D8%A7%D9%86%D8%B3%D8%AA%D8%A7%D9%86-%D9%8A%D8%B9%D8%A7%D9%88%D8%AF-%D9%86%D8%B4%D8%A7%D8%B7%D9%87-%D9%83%D9%88%D8%B1%D9%88%D9%86%D8%A7-%D9%84%D9%85-%D9%8A%D9%85%D8%B1-%D9%85%D9%86-%D9%87%D9%86%D8%A7,دوري القدم في تركمانستان يعاود نشاطه: كورونا لم يمر من هنا,"في ظل تعليق غالبية الأحداث الرياضية حول العالم بسبب فيروس كورونا المستجد، تتجه الأنظار الأحد إلى تركمانستان حيث يتوقع أن يعود الصخب لمدرجات ملاعب كرة القدم مع معاودة منافسات الدوري المحلي في البلد الذي لم يعلن حتى الآن عن أي إصابة بـ""كوفيد-19"". وسارت الدولة المعزولة في آسيا الوسطى على خطى معظم دول العالم، عندما علقت في مارس الماضي دوري الدرجة الأولى المكون من ثمانية فرق، وذلك بعد ثلاث مراحل فقط على انطلاق الموسم، في ظل تفشي الفيروس الذي ناهز عدد ضحاياه حتى اليوم نحو 170 ألف شخص. واتخذ الاتحاد المحلي هذا القرار التزاما بتوصيات وزارة الصحة ومنظمة الصحة العالمية للمساهمة في مكافحة انتشار فيروس ""كوفيد-19"".  لكن بعد مرور شهر، وعلى الرغم من الهواجس الدولية بأن السلطات التركمانية تُقَلِل من خطر الفيروس أو تخفي حقيقة الإصابات، يعود اللاعبون الى الملاعب ومعهم الجمهور أيضا.    "
14,https://www.mosaiquefm.net/ar/%D8%AA%D9%88%D9%86%D8%B3-%D8%B1%D9%8A%D8%A7%D8%B6%D8%A9-%D8%A3%D8%AE%D8%A8%D8%A7%D8%B1/726803/%D9%83%D8%A7%D9%81-%D9%8A%D8%A4%D8%AC%D9%84-%D9%86%D9%87%D8%A7%D8%A6%D9%8A%D9%8A-%D8%B1%D8%A7%D8%A8%D8%B7%D8%A9-%D8%A7%D9%84%D8%A7%D8%A8%D8%B7%D8%A7%D9%84-%D9%88%D8%A7%D9%84%D9%83%D9%88%D9%86%D9%81%D8%AF%D8%B1%D8%A7%D9%84%D9%8A%D8%A9-%D8%A7%D9%84%D9%89-%D9%85%D9%88%D8%B9%D8%AF-%D8%BA%D9%8A%D8%B1-%D9%85%D8%B9%D9%84%D9%88%D9%85,كاف يؤجل نهائيي رابطة الابطال والكونفدرالية الى موعد غير معلوم,قرر الاتحاد الإفريقى لكرة القدم تأجيل نهائيي بطولتي دوري أبطال أفريقيا والكونفدرالية، في ظل تفشي فيروس كورونا المستجد. وأكد الاتحاد الافريقى لكرة القدم، في بيان عبر موقعه الرسمي :” بعد قرار تأجيل نصف نهائي بطولتي دوري أبطال أفريقيا والكونفدرالية، نعلن اليوم تأجيل نهائيات البطولتين، حتى إشعار آخر”. يُذكر أن الاتحاد الافريقي قد حدد نهائي بطولة دورى أبطال أفريقيا، يوم 29 ماي المقبل فى الكاميرون، بينما ستقام مباراة نهائي الكونفدرالية يوم 24 من نفس الشهر فى المغرب. هذا وقد سبق وان اعلن الكاف السبت الماضى تأجيل مواجهات نصف نهائي دورى أبطال أفريقيا والكونفدرالية، فى ظل أزمة تفشى فيروس كورونا المستجد.    
15,https://www.mosaiquefm.net/ar/%D8%AA%D9%88%D9%86%D8%B3-%D8%B1%D9%8A%D8%A7%D8%B6%D8%A9-%D8%A3%D8%AE%D8%A8%D8%A7%D8%B1/726743/%D8%AD%D8%B1%D9%83%D8%A9-%D8%AA%D8%B7%D9%88%D8%B9%D9%8A%D8%A9-%D8%B7%D8%B1%D9%8A%D9%81%D8%A9-%D9%85%D9%86-%D8%AD%D9%83%D9%85-%D9%83%D8%B1%D8%A9-%D9%8A%D8%AF,حركة تطوعية طريفة من حكم كرة يد (فيديو),نشرت الجامعة التونسية لكرة اليد، اليوم السبت 18 أفريل 2020، على صفحتها الرسمية على موقع فايسبوك، حركة تطوّعية طريفة من الحكم عبد الحق التلاتلي من رابطة الوطن القبلي لتحذير مواطني مدينة نابل بضرورة إحترام مسافة الأمان للوقاية من فيروس كورونا.   
16,https://www.mosaiquefm.net/ar/%D8%A3%D8%AE%D8%A8%D8%A7%D8%B1-%D9%85%D9%88%D8%B3%D9%8A%D9%82%D9%89-%D8%AA%D9%88%D9%86%D8%B3-%D8%A7%D9%84%D8%B9%D8%A7%D9%84%D9%85/726007/%D9%84%D8%B7%D9%81%D9%8A-%D8%A8%D9%88%D8%B4%D9%86%D8%A7%D9%82-%D9%8A%D9%87%D8%AF%D9%8A-%D8%A3%D8%BA%D9%86%D9%8A%D8%A9-%D8%AC%D8%AF%D9%8A%D8%AF%D8%A9-%D9%84%D9%80-%D8%A7%D9%84%D8%AC%D9%86%D9%88%D8%AF-%D8%A7%D9%84%D8%A8%D9%8A%D8%B6,لطفي بوشناق يهدي  أغنية جديدة لـ''الجنود البيض''(فيديو),أصدر الفنان لطفي بوشناق، أغنية جديدة مهداة ''لجنود البيض'' وتحمل اسمهم، وهم أعوان الصحة من أطباء وممرضين وغيرهم.. وفي تصريحه لموزاييك، قال بوشناق إن العمل الجديد تحية للأطباء والجيش والأمن وعمال النظافة.. قائلا ''لم أستطع عدم التفاعل مع ما يحصل في تونس وفي العالم.. ومهما قدمنا لهؤلاء نحن مقصّرون''.     
17,https://www.mosaiquefm.net/ar/%D8%A3%D8%AE%D8%A8%D8%A7%D8%B1-%D9%85%D9%88%D8%B3%D9%8A%D9%82%D9%89-%D8%AA%D9%88%D9%86%D8%B3-%D8%A7%D9%84%D8%B9%D8%A7%D9%84%D9%85/724987/%D8%B5%D8%A7%D8%A8%D8%B1-%D8%A7%D9%84%D8%B1%D8%A8%D8%A7%D8%B9%D9%8A-%D9%88%D9%86%D8%AC%D9%88%D9%85-%D8%B9%D8%B1%D8%A8-%D9%8A%D8%B4%D8%A7%D8%B1%D9%83%D9%88%D9%86-%D9%81%D9%8A-%D8%A3%D9%88%D8%A8%D8%B1%D9%8A%D8%AA-%D9%84%D8%AF%D8%B9%D9%85-%D8%A7%D9%84%D8%AC%D9%8A%D8%B4-%D8%A7%D9%84%D8%A3%D8%A8%D9%8A%D8%B6,صابر الرباعي ونجوم عرب يشاركون في ''أوبريت'' لدعم الجيش الأبيض,"نشر الفنان اللبناني وائل جسار صورة على حسابه بموقع التواصل الاجتماعي انستغرام لإعلان مشاركته رفقة مجموعة من النجوم العرب في ''أوبريت'' يحمل عنوان 'أنت أقوى' سيكون هديّة للأطباء واعترافا بمجهوداتهم في مكافحة فيروس كورونا. لكن الصورة أثارت الكثير من الجدل بسبب وجود صورتي الفنانين المصريين عمرو ذياب وثامر حسني إلى جانب محمد منير وكارول سماحة وسميرة سعيد، واعتبر البعض أنّ كورونا أذابت الجليد بين ذياب وحسني وأنّه سيكون التعامل الأوّل بينهما. لكن سرعان ما نشر موقع ""سيّدتي"" خبرا لتأكيد أنّ عمرو الذياب لن يشارك في العمل الذي لحنه عمرو مصطفى وكتب كلماته مدحت العدل، وأنّ فكرة المشاركة لم تعرض بالمرّة على ""الهضبة"" كما أنه لم يرفض العرض بسبب تواجد ثامر حسني. وكشفت ""سيّدتي"" أن النجم صابر الرباعي هو من سيشارك في الأوبريت، وسيقوم بتسجيل الأغنية في تونس لأنّه غير قادر على التنقّل إلى مصر للقيام بذلك. وقد قام الفنانون المشاركون بتسجيل أصواتهم بطريقة منفردة التزاما بالإجراءات الاحترازية لمنع تفشي فيروس كورونا، حيث انتهت كارول سماحة بالفعل من تصوير وتسجيل المقاطع الخاصة بها، ومن المقرر أن يتواجد محمد منير وتامر حسني اليوم الأربعاء 15 أفريل 2020 داخل الاستديو للتسجيل والتصوير، على أن تقوم سميرة سعيد بتسجيل الأغنية في الاستديو الخاص داخل منزلها. وصرّح مدحت العدل لـ''سيّدتي'' أن الأوبريت رسالة لدعم الجيش الأبيض أي الأطباء وفريق التمريض تقديرا لما يقومون به في مواجهة فيروس كورونا، وتم التحضير لهذا العمل منذ 11 يوما.      "
